rpo_or;На какие типы делятся плановые огневые работы?;2;3;Простые, сложные и аварийные;Простые, сложные и комплексные;Простые и сложные;;;;;;;
rpo_or;На какие виды делятся огневые работы по специфике своей организации?;1;3;Плановые и аварийные;Простые, сложные и комплексные;На работы, проводимые по наряд-допуску и по плану огневых работ;;;;;;;
rpo_or;Состав бригады исполнителей при проведении огневых работ на взрывоопасных и взрывопожароопасных объектах, включая лицо, ответственное за безопасное проведение огневых работ, должен быть…;1;3;не менее 2-х человек;не менее 3-х человек;не менее 3-х человек, при условии соответствия характеру выполняемых работ;;;;;;;
rpo_or;Подготовительные работы перед проведением огневых работ должны выполняться…;1;3;эксплуатационным персоналом производственного объекта;ремонтным персоналом производственного объекта;персоналом, указанным в наряд-допуске;;;;;;;
rpo_or;Какая документация не разрабатывается перед проведением сложной огневой работы?;2;3;План организации и проведения огневых работ;График организации и проведения огневых работ;Наряд–допуск на выполнение огневых работ;;;;;;;
rpo_or;Перечень огневых (сварочных) работ следует пересматривать…;3;4;каждый год;каждые пять лет;каждые три года;при изменении организационной структуры предприятия;;;;;;
rpo_or;При возникновении необходимости в выполнении огневых работ, не вошедших в перечень, их следует…;4;4;включить в перечень в виде дополнений до начала работ или в 14-дневный срок после их окончания;пересмотреть перечень огневых работ до начала проведения или в трехдневный срок после их окончания;перенести до срока, установленного для пересмотра перечня огневых работ;включить в перечень в виде дополнений до проведения работ или в трехдневный срок после их окончания;;;;;;
rpo_or;Допускается ли рукописное дополнение наряда–допуска?;1;3;Допускается в части состава бригады и мероприятий по подготовке и проведении работ;Допускается в части корректировки списка ответственных лиц и состава бригады;Не допускается;;;;;;;
rpo_or;Огневые работы. Выберите верное утверждение:;3;3;Оба экземпляра наряда–допуска остаются у лица, осуществившего допуск к проведению огневой работы;Оба экземпляра наряда–допуска остаются у лица, ответственного за проведение огневых работ;1 наряд остаётся у ответственного за проведение ОР, другой у осуществившего допуск к проведению ОР;;;;;;;
rpo_or;Каким образом проводится инструктаж работникам, привлекаемым к участию в огневых работах с целью обеспечения работы вспомогательной инфраструктуры (транспорта, связи, генерирующих установок электрической энергии, азотных установок)?;1;4;Проводится целевой инструктаж с записью в журнале регистрации инструктажа на рабочем месте;Проводится целевой инструктаж с записью в журнале регистрации работ;Проводится внеплановый инструктаж с записью в журнале регистрации инструктажа на рабочем месте;Запрещено привлекать персонал, не указанный в наряд-допуске;;;;;;
rpo_or;Действие наряда–допуска на простую огневую работу с условием ежедневного продления не может превышать…;4;4;2 календарных дней;3 календарных дня;5 календарных дней;7 календарных дней;;;;;;
rpo_or;Какой срок хранения оформленного наряда-допуска на выполнение огневой работы после окончания работ?;1;3;Не менее 1-го года;Не менее 3-х месяцев;Не менее 6-ти месяцев;;;;;;;
rpo_or;Как осуществляется допуск работников к проведению огневых работ на постоянных сварочных местах без оформления наряда-допуска?;2;3;На сварочном посту могут осуществлять огневые работы любой работник структурного подразделения;Согласно списку, указанному в приказе;Согласно распоряжения руководителя структурного подразделения;;;;;;;
rpo_or;Каков радиус опасной зоны при проведении огневых работ на газопроводе с условным диаметром 300 мм?;1;4;100 метров;150 метров;200 метров;250 метров;;;;;;
rpo_or;Каков радиус опасной зоны при проведении огневых работ на газопроводе с условным диаметром 700 мм?;3;4;100 метров;150 метров;200 метров;250 метров;;;;;;
rpo_or;Каков радиус опасной зоны при проведении огневых работ на газопроводе с условным диаметром 1000 мм?;4;4;100 метров;150 метров;200 метров;250 метров;;;;;;
rpo_or;Каков радиус опасной зоны при проведении огневых работ на газопроводе с условным диаметром 1400 мм?;2;4;100 метров;350 метров;200 метров;250 метров;;;;;;
rpo_or;На каком расстоянии от свечи следует размещать персонал, непосредственно не занятый сбросом газа, а также технические средства?;3;3;не менее 100 м от свечи с наветренной стороны;не менее 150 м от свечи с наветренной стороны;не менее 200 м от свечи с наветренной стороны;;;;;;;
rpo_or;При применении технологической операции вырезки окон (черновой рез) на трубопроводе под избыточным давлением газа в газопроводе проводят снижение давления до…;1;3;100-500 Па (10-50 мм водного столба);50-100 Па (5-10 мм водного столба);10-50 Па (1-5 мм водного столба);;;;;;;
rpo_or;Сосуды, нагретые в процессе эксплуатации или подготовки к огневым работам, перед допуском в них людей должны быть охлаждены до температуры, не превышающей…;2;3;20 град.С;30 град.С;35 град.С;;;;;;;
rpo_or;На каком расстоянии располагаются кабели (провода) электросварочных машин от трубопроводов (рукавов) кислорода?;3;3;не менее 1 м;не менее 1,5 м;не менее 0,5 м;;;;;;;
rpo_or;На каком расстоянии располагаются кабели (провода) электросварочных машин от трубопроводов (рукавов) ацетилена и других горючих газов?;1;3;не менее 1 м;не менее 1,5 м;не менее 0,5 м;;;;;;;
rpo_or;Каково должно быть расстояние между баллонами с кислородом и горючими газами (за исключением их штатного расположения на установках сварочного оборудования заводского изготовления)?;2;3;не менее 10 м;не менее 5 м;не менее 15 м;;;;;;;
rpo_or;За сколько минут до начала проведения огневых работ в помещении должна быть включена приточная и вытяжная вентиляции?;3;3;Не менее чем за 5 минут;Не менее чем за 10 минут;Не менее чем за 15 минут;;;;;;;
rpo_or;Для стабилизации избыточного давления газа в пределах 100–500 Па (10–50 мм водного столба) линию реза по мере продвижения резака или режущего элемента необходимо замазывать…;1;3;мокрой мятой глиной или специальной бентонитовой глиной;герметиком;белой глиной;;;;;;;
rpo_or;Временные герметизирующие устройства должны иметь…;2;3;несмываемую маркировку с указанием учётного номера;несмываемую маркировку с указанием заводского номера;несмываемую маркировку с указанием даты установки;;;;;;;
rpo_or;Вытеснение газовоздушной смеси из отключенного участка трубопровода (аппарата, емкости) осуществляется…;4;4;давлением природного газа не более 3 кгс/см2, или азотом не более 5 кгс/см2 в месте его подачи;давлением природного газа не более 0,5 кгс/см2, или азотом не более 1 кгс/см2 в месте его подачи;давлением природного газа не более 5 кгс/см2, или азотом не более 10 кгс/см2 в месте его подачи;давлением природного газа не более 1 кгс/см2, или азотом не более 1,5 кгс/см2 в месте его подачи;;;;;;
sto_kz;При обнаружении предметов, похожих на взрывное устройство, необходимо:;2;4;осторожно удалить предмет за пределы здания (организации);не трогать, не подходить, не передвигать обнаруженный подозрительный предмет;поместить предмет в противовзрывной контейнер с жесткой оболочкой типа «Фонтан»;при наличии навыков попытаться обезопасить (разминировать) предмет;;;;;;
sto_kz;Если Вы получили информацию о заложенном взрывном устройстве, необходимо:;1;3;всеми имеющимися способами оповестить всех работников организации о полученной информации;максимально расширить круг людей, владеющих данной информацией;максимально ограничить число людей, владеющих данной информацией ;;;;;;;
sto_kz;Если непосредственно на Вас по телефону вышел террорист с информацией о заложенном взрывном устройстве, необходимо:;2;4;немедленно прервать разговор и положить трубку телефона;постараться получить как можно больше информации и доложить руководителю организации;довести до сведения террориста, что это вопрос не Вашей компетенции;вступить в переговоры с террористом и пообещать выполнить все выдвигаемые требования ;;;;;;
sto_kz;Под местом массового пребывания людей понимается территория, на которой при определенных условиях может одновременно находиться более:;1;4;30 человек ;50 человек ;100 человек ;150 человек ;;;;;;
sto_kz;Выходить из зоны химического заражения следует:;3;4;навстречу потоку ветра ;по направлению ветра ;перпендикулярно направлению ветра ;по спирали ;;;;;;
sto_kz;Если при переходе зимой через речку провалился лед, то удержаться от погружения с головой можно…;1;4;широко раскинув руки ;интенсивно работая ногами ;интенсивно работая руками ;затаив дыхание и не делая никаких движений ;;;;;;
sto_kz;Паника (по масштабам) различается на …;2;4;частную, коллективную, всеобъемлющую ;индивидуальную, групповую и массовую ;спорадическую, эпидемическую, пандемическую ;локальную, местную, региональную ;;;;;;
sto_kz;Общая слабость, головная боль, боли при глотании, сухость во рту, повышение температуры, позже - болезненность десен, боли в животе, желудочные расстройства, иногда воспаление легких - это симптоматика…;1;4;отравления парами ртути ;воздействия электромагнитных полей ;поражения током ;отравления грибами ;;;;;;
sto_kz;Что должен запомнить в первую очередь работник, принявший телефонный сигнал с угрозами АНВ:;1;4;точное время начала разговора и его продолжительность;постараться не разговаривать с незнакомым;погодные условия во время совершения звонка;ничего из перечисленного;;;;;;
sto_kz;Кому, в первую очередь после получения сообщения об угрозе совершения акта незаконного вмешательства необходимо незамедлительно доложить:;2;4;непосредственному руководителю;первому руководителю и отделению охраны;ФСБ, МВД;все вышеперечисленное;;;;;;
sto_kz;Какова рекомендуемая зона эвакуации и оцепления при обнаружении взрывного устройства или предмета, с признаками взрывного устройства в виде грузовой машины (автофургона):;3;4;не менее 100 метров;500 метров;1240 метров;800 метров;;;;;;
sto_kz;В каким случаях проходит эвакуация работающего персонала:;4;4;в случае обнаружения взрывного устройства;при ликвидации последствий совершенной террористической акции;при пожаре на объекте;во всех перечисленных случаях;;;;;;
gtd_nk-16st;Для чего нужна Холодная Прокрутка (ХП) двигателя НК-16СТ?;2;3;перед запуском двигателя с целью прокрутки роторов ВД и НД.;перед запуском двигателя с целью окончательной проверки готовности всех его систем  к работе.;перед запуском двигателя с целью проверки работоспособности масляной системы и насосов.;;;;;;;
gtd_nk-16st;Какова продолжительность Холодной Прокрутки (ХП) двигателя НК-16СТ?;3;3;200 сек;150 сек;100 сек;;;;;;;
gtd_nk-16st;Как выполняется нормальный останов (НО) двигателя НК-16СТ?;3;3;НО агрегата производится нажатием кнопки «НО» на любых режимах ГПА;НО агрегата производится при срабатывании одной из защит системы защит ГПА;НО производится после окончания запуска при работе ГПА на режимах «КОЛЬЦО» или «МАГИСТРАЛЬ»;;;;;;;
gpa_c-16;Что делать если при нажатии кнопки «АО» агрегат ГПА-Ц-16 не остановился?;2;3;доложить диспетчеру (начальнику смены ЛПУ) и вызвать аварийную бригаду;остановить его вручную закрытием крана №12 ,затем №1, №2,и открытием кранов №5, №9;остановить  цех кнопкой (ключом) аварийного останова цеха;;;;;;;
gtd_nk-16st;Что приводит во вращение воздушный стартер двигателя НК-16СТ?;1;3;ротор ВД;ротор НД;ротор СТ;;;;;;;
gtd_nk-16st;Какой газ подается к воспламенителям в процессе запуска двигателя НК-16СТ?;2;3;топливный;пусковой;импульсный;;;;;;;
gtd_nk-16st;Количество свечей зажигания, установленных на двигателе НК-16СТ?;2;3;1;2;4;;;;;;;
gpa_c-16;При АО ГПА-Ц-16 по команде «Низкое давление смазки двигателя» произойдет:;3;3;Экстренный останов;АО со стравливанием;АО без стравливания;;;;;;;
bptpg;Подогреватель ПТПГ-30 предназначен для не прямого нагрева перед дросселированием:;3;3;топливного газа;топливного и импульсного газа;пускового и топливного газа;;;;;;;
bptpg;Ресивер в БПТПГ предназначен для обеспечения запаса:;3;3;топливного газа;пускового газа;импульсного газа;;;;;;;
bptpg;На какие потоки делится подогретый газ в БПТПГ?;3;3;импульсный, топливный и пусковой;импульсный и пусковой;пусковой и топливный;;;;;;;
bptpg;Для чего предназначены адсорберы в БПТПГ?;1;3;предназначены для осушки импульсного газа адсорбентом;предназначены для осушки топливного газа абсорбентом;предназначены для осушки пускового газа адсорбентом;;;;;;;
bptpg;Переключение основной нитки на резервную в БПТПГ проводят?;2;3;не реже одного раза в год;не реже одного раза в месяц;не реже одного раза в квартал;;;;;;;
bptpg;На какое давление настроены СППК линии топливного газа?;3;3;25,5 кгс/см2;26,5 кгс/см2;27,5 кгс/см2;;;;;;;
ks_theory;В каком положении должен быть селектор переключения режимов на кране №36Д?;1;3;открыто;закрыто;дистанция;;;;;;;
ks_theory;В каком положении должен быть селектор переключения режимов на кране №36?;3;3;открыто;закрыто;дистанция;;;;;;;
ks_ms;Что подразумевает очистка масла методом пурификации?;1;3;очистка масла преимущественно от воды;очистка масла преимущественно от механических примесей;очистка масла от механических примесей и воды;;;;;;;
ks_ms;Что подразумевает очистка масла методом кларификации?;2;3;очистка масла преимущественно от воды;очистка масла преимущественно от механических примесей;очистка масла от механических примесей и воды;;;;;;;
ks_ms;Укажите правильное значение кинематической вязкости масла ТП-22С, согласно эксплуатационным нормам?;2;3;более 28,0 сСт;20,0 - 25,5 сСт;7,0 - 9,5 сСт;;;;;;;
ks_ms;Какие опознавательные надписи должны иметь все ёмкости для хранения масла?;1;3;номер ёмкости, объём ёмкости, и марка масла;номер ёмкости, объём ёмкости, фамилия ответственного за пожарную безопасность и марка масла;номер цеха, объём ёмкости, и марка масла;;;;;;;
ks_ms;Какие виды анализа масла должны проводиться при эксплуатации системы  маслоснабжения цеха?;2;3;анализы на воду и мех. примеси;полный и частичный анализы;лабораторный и оперативный анализы;;;;;;;
ks_theory;При каком максимально избыточным давлении должна срабатывать защита КЦ от превышения давления?;2;3;7,5 МПа;76,5 кгс/см2;75,0 кгс/см2;;;;;;;
ks_theory;Открытием какого крана происходит срабатывание защиты КЦ от превышения давления?;2;3;№36р;№36;№36, 36р;;;;;;;
ks_theory;Каким образом происходит расчет количества ПУ в работе?;3;3;Расчетом производительности одного ГПА, сравнением с производительностью одного ПУ в работе;Расчетом производительности одного ГПА, сравнением с производительностью трех ПУ в работе;Cравнением суммы производительности всех работающих ГПА с суммой  производительности ПУ в работе;;;;;;;
ks_theory;Каким образом возможно уменьшить количество потребляемого топливного газа ГПА при постоянных оборотах ротора нагнетателя?;2;3;Увеличением давления топливного газа;Увеличением температуры топливного газа;Уменьшением давления топливного газа;;;;;;;
ks_theory;Какая схема цеха характерна для полнонапорных нагнетателей?;1;3;параллельная;последовательная;параллельно-последовательная;;;;;;;
gtd_nk-16st;Предупреждение и аварийное значение виброскорости опор двигателя, мм/с;3;3;60, 80;80, 100;40, 60;;;;;;;
gtd_nk-16st;Аварийная уставка "Давление масла нагнетателя" ГПА-Ц-16, кг/см2;2;3;1,2;0,8;0,3;;;;;;;
gtd_nk-16st;Предупредительная уставка "Давление масла нагнетателя" ГПА-Ц-16, кг/см2;1;3;1,2;0,8;0,3;;;;;;;
gtd_nk-16st;Предупредительная уставка "Давление масла на входе двигателя" ГПА-Ц-16 с двигателем НК-16СТ, кг/см2;1;3;2,9;2,3;0,3;;;;;;;
gtd_nk-16st;Аварийная уставка "Давление масла на входе двигателя" ГПА-Ц-16 с двигателем НК-16СТ, кг/см2;2;3;2,9;2,3;0,3;;;;;;;
gtd_nk-16st;Аварийная уставка "Давление масла на входе СТ двигателя" ГПА-Ц-16 с двигателем НК-16СТ, кг/см2;3;3;2,9;2,3;1,1;;;;;;;
gtd_nk-16st;Аварийная уставка "Давление масла на входе САР" ГПА-Ц-16 с двигателем НК-16СТ, кг/см2;1;3;18;4;2,3;;;;;;;
gtd_nk-16st;Предупредительная уставка "Перепад давлений МАСЛО-ГАЗ" ГПА-Ц-16, кг/см2;1;3;0,8;0,3;1,2;;;;;;;
gtd_nk-16st;Аварийная уставка "Перепад давлений МАСЛО-ГАЗ" ГПА-Ц-16, кг/см2;2;3;0,8;0,3;1,2;;;;;;;
gtd_nk-16st;Предупредительная уставка "Давление топливного газа" ГПА-Ц-16, кг/см2;2;3;18;20;22;;;;;;;
gtd_nk-16st;Аварийная уставка "Давление топливного газа" ГПА-Ц-16, кг/см2;1;3;18;20;22;;;;;;;
gtd_nk-16st;Предупредительная уставка "Температура газа на выходе нагнетателя" ГПА-Ц-16, град. Цельсия;2;3;70;80;90;;;;;;;
gtd_nk-16st;Аварийная уставка "Температура газа на выходе нагнетателя" ГПА-Ц-16, град. Цельсия;3;3;70;80;90;;;;;;;
gtd_nk-16st;Аварийная уставка "Осевой сдвиг ротора нагнетателя" ГПА-Ц-16, мм;2;3;0,4…-0,7;0,7…-1,0;1,0…-1,0;;;;;;;
gtd_nk-16st;Предупредительная уставка "Осевой сдвиг ротора нагнетателя" ГПА-Ц-16, мм;1;3;0,4…-0,7;0,7…-1,0;1,0…-1,0;;;;;;;
gtd_nk-16st;Предупредительная уставка "Виброперемещение ротора нагнетателя" ГПА-Ц-16, мкм;1;3;60;80;40;;;;;;;
gtd_nk-16st;Аварийная уставка "Виброперемещение ротора нагнетателя" ГПА-Ц-16, мкм;2;3;60;80;40;;;;;;;
gtd_nk-16st;Аварийная уставка "Температура на выходе задней опоры ГГ" двигателя НК-16СТ ГПА-Ц-16, град. Цельсия;3;3;110;125;140;;;;;;;
gtd_nk-16st;Предупредительная уставка "Температура на выходе задней опоры ГГ" двигателя НК-16СТ ГПА-Ц-16, град. Цельсия;2;3;110;125;140;;;;;;;
gtd_nk-16st;Аварийная уставка "Температура на выходе СТ" двигателя НК-16СТ ГПА-Ц-16, град. Цельсия;3;3;110;125;140;;;;;;;
gtd_nk-16st;Предупредительная уставка "Температура на выходе СТ" двигателя НК-16СТ ГПА-Ц-16, град. Цельсия;2;3;110;125;140;;;;;;;
sto_pemg;Остановленный ГПА может находиться в одном из следующих состояний (согласно ПЭМГ):;2;3;горячий резерв, холодный резерв, ТО, ремонт, консервация;горячий резерв, резерв, ТО, ремонт, консервация;работа, горячий резерв, резерв, ТО, ремонт, консервация;;;;;;;
sto_pemg;Каков неснижаемый запас смазочного масла на компрессорной станции (согласно ПЭМГ)?;1;3;Не менее трёхмесячного расхода, а при неблагоприятной транспортной схеме - не менее шестимесячного;Не менее шестимесячного расхода, а при неблагоприятной транспортной схеме - не менее годового;Не менее четырёхмесячного расхода, а при неблагоприятной транспортной схеме - годовой расход;;;;;;;
sto_pemg;Автоматические защиты от превышения давления газа на выходе КЦ проверяют не реже (согласно ПЭМГ):;2;3;одного раза в год;одного раза в квартал;одного раза в полугодие;;;;;;;
sto_pemg;Автоматические защиты от снижения давления топливного  газа проверяют не реже (согласно ПЭМГ):;1;3;одного раза в месяц;одного раза в квартал;одного раза в год;;;;;;;
gtd_theory;Под помпажом двигателя понимается…;2;3;неустойчивый режим работы, срыв потока воздуха со ступени турбины;неустойчивый режим работы, срыв потока воздуха со ступени компрессора;неустойчивый процесс горения в камере сгорания;;;;;;;
pump_theory;Под помпажом нагнетателя понимается…;3;3;устойчивый режим работы нагнетателя, не являющийся опасным режимом в системе нагнетатель-газопровод;аварийный останов нагнетателя;неустойчивый режим работы нагнетателя, приводящий к срыву потока в проточной части нагнетателя;;;;;;;
gpa_c-16;При работе агрегата ГПА-Ц-16 рабочая точка нагнетателя должна лежать…;1;3;правее помпажной линии не менее чем на 10% по производительности;на границе помпажной линии;левее помпажной линии более 10% по производительности;;;;;;;
gpa_c-16;Какую функцию выполняет кран №6Д в обвязке ГПА-Ц-16?;2;3;функция противопомпажного регулирования;функция дросселя для обеспечения необходимой степени сжатия в момент пуска и останова ГПА;функция обратного клапана;;;;;;;
ks_theory;Для каких целей предназначен охранный кран №19 компрессорного цеха?;2;3;для подачи газа на вход цеха;для отключения МГ от цеха в случае возникновения аварии;для отключения МГ от цеха при проведении ППР;;;;;;;
gtd_nk-16st;Каким образом осуществляется связь между каскадом низкого и высокого давления в газотурбинном двигателе НК-16СТ?;2;3;механическим способом;газодинамическим способом;гидравлическим способом;;;;;;;
gtd_nk-16st;Для чего служит регулируемый направляющий аппарат двигателя НК-16СТ?;1;3;для обеспечения устойчивой работы двигателя на нерасчётных режимах;для изменения частоты вращения вала ВД;для регулирования мощности двигателя;;;;;;;
gtd_nk-16st;Сколько ступеней в компрессоре высокого давления двигателя НК-16СТ?;2;3;4;6;10;;;;;;;
gtd_theory;Какую нагрузку может воспринимать роликовый подшипник ротора?;2;3;только осевую нагрузку;только радиальную нагрузку;осевую и радиальную;;;;;;;
pump_nc-16-76;Какое количество ступеней сжатия имеет нагнетатель НЦ-16/76?;3;3;3;4;2;;;;;;;
gtd_theory;Как изменится расход топливного газа при увеличении разряжения на входе в осевой компрессор двигателя?;2;3;не изменится;увеличится;уменьшится;;;;;;;
gtd_theory;Что произойдёт с КПД двигателя при увеличении температуры воздуха на входе осевого компрессора?;3;3;не изменится;будет увеличиваться;будет снижаться;;;;;;;
sto_pemg;Как долго ГПА может находиться в состоянии резерва (ПЭМГ, СТО Газпром 2-3.5-454-2010);1;3;до 100 суток;до 30 суток;до 60 суток;;;;;;;
ks_theory;Почему увеличение количества пусков и остановов уменьшает общий ресурс ГПА?;3;3;Из-за частых зажиганий и погасаний факела в камерах сгорания ухудшается состояние нагнетателя;При частых пусках и остановах выходят из строя системы защит ГПА;Из-за циклических термических напряжений на детали и узлы горячего тракта проточной части ГТУ;;;;;;;
gtd_theory;Что из перечисленного является показателем эффективности ГТУ?;2;3;температура за турбиной;удельный расход топливного газа;давление газа за нагнетателем;;;;;;;
gtd_theory;Какие причины могут привести к превышению частоты вращения вала силовой турбины?;3;3;помпаж осевого компрессора  ГТУ;разрушение обгонной муфты пусковой турбины;разрушение трансмиссии "силовая турбина - нагнетатель";;;;;;;
gtd_theory;Назовите основную цель технологического процесса балансировки ротора.;3;3;устранение привнесённых в процессе изготовления или ремонта дисбалансов;проверка качества сборки ротора;компенсация привнесённых в процессе изготовления или ремонта дисбалансов;;;;;;;
ks_theory;Прибор ШИ-11 состоит из :;3;3;газовой линии;совмещенных двух полостей: газовой и воздушной;обособленных воздушной и газовой линиях;;;;;;;
ks_theory;Точкой росы природного газа по влаге называется:;2;3;температура отделения газового конденсата при заданном давлении;температура газа, ниже которой водяной пар, содержащийся в газе, становится насыщенным;температура, до которой должен нагреться воздух, по достижению которой будет выделение влаги;;;;;;;
sto_pemg;Автоматические защиты от превышения уровня загазованности с включением вытяжной вентиляции проверяют не реже (согласно ПЭМГ):;1;3;одного раза в месяц;одного раза в квартал;одного раза в год;;;;;;;
bptpg;Что произойдёт, если разрушится мембрана исполнительного устройства регулятора типа РДУ-80?;1;3;регулятор закроется;регулятор откроется;затвор регулятора останется в положении, в котором он был в момент порыва;;;;;;;
ks_theory;Что такое массовый расход газа?;2;3;масса газа, проходящая через продольное сечение трубы в единицу времени;масса газа, проходящая через поперечное сечение трубы в единицу времени;молярная масса газа, проходящая через продольное сечение трубы в единицу времени;;;;;;;
pump_theory;Как изменится степень повышения давления нагнетателя, если при неизменной частоте вращения ротора увеличится расход газа через него?;2;3;увеличится;уменьшится;не изменится;;;;;;;
ks_theory;Средняя наработка на отказ это показатель:;1;3;безотказности;долговечности;ремонтопригодности;;;;;;;
sto_pemg;Как долго ГПА может находиться в состоянии горячего резерва (ПЭМГ, СТО Газпром 2-3.5-454-2010);2;3;до 100 суток;до 30 суток;до 60 суток;;;;;;;
sto_pemg;Разрешается ли временное отключение автоматических защит и их уставок в процессе эксплуатации ГПА?;2;3;разрешается по особому распоряжению начальника службы АиМО;разрешается по письменному распоряжению начальника КС при обеспечении постоянного контроля параметра;не разрешается;;;;;;;
ot_theory;Дать определение "Опасный производственный фактор";3;3;Фактор, воздействие которого на работника может привести к утрате работоспособности;Фактор, воздействие которого на работника может привести к профессиональному заболеванию;Фактор, воздействие которого на работника может привести к травме;;;;;;;
pump_theory;Как меняются скорость и давление потока газа, при движении в диффузоре?;2;3;Скорость растёт, давление падает;Скорость падает, давление растёт;Скорость падает, давление падает;;;;;;;
kip;Дайте определение понятию "Давление";1;3;Физическая величина, действующая на единицу площади поверхности перпендикулярно этой поверхности;Физическая величина, действующая на единицу площади поверхности параллельно этой поверхности;Физическая величина, численно равная энергии, накопленной газом (жидкостью);;;;;;;
gpa_c-16;Назовите функцию топливного регулятора САУ ГПА;1;3;регулирование и поддержание на заданном уровне частоты вращения силового вала ГПА;регулирование и поддержание на заданном уровне давления воздуха за осевым компрессором ГТУ;противопомпажная защита ГПА;;;;;;;
ks_theory;Ресурс - это:;2;3;состояние объекта, при достижении которого его дальнейшее применение недопустимо или невозможно;наработка объекта от начала его эксплуатации до наступления предельного состояния;продолжительность эксплуатации объекта от начала его применения до наступления предельного состояния;;;;;;;
kip;Переход от шкалы Кельвина к шкале Цельсия определяется формулой:;1;3;температура в градусах Кельвина минус 273;температура в градусах Кельвина минус 275;температура в градусах Кельвина плюс 275;;;;;;;
kip;Анемометр - это прибор для измерения…;2;3;абсолютного давления;скорости потока среды;плотности среды;;;;;;;
kip;Относительная влажность - это…;3;3;количество водяного пара, содержащегося в единице количества газа;отношение фактически содержащегося водяного пара к максимально возможному в данных условиях;отношение парциального давления паров воды в газе к давлению насыщенных паров при данной температуре;;;;;;;
ks_theory;Какой стык называют гарантийным?;3;3;стык, выполненный сварщиком с допуском, в особо ответственном месте трубопровода;стык, на который предусмотрена специальная технология сварки;стык, который не подвергался гидравлическим испытаниям;;;;;;;
rpo_or;ВГУ устанавливают в газопроводе на расстоянии от места производства работ:;2;3;10-12 метров;8-10 метров;6-8 метров;;;;;;;
ks_theory;В каком состоянии должны находиться двери воздухозаборных камер на работающих ГПА?;3;3;закрыты на замок;открыты для предотвращения обледенения очистных устройств;закрыты и опломбированы;;;;;;;
bptpg;Что происходит с параметрами топливного газа при прохождении через регулятор РДУ-80?;2;3;давление падает, температура растёт, скорость растёт;давление падает, температура падает, скорость растёт;давление растёт, температура растёт, скорость падает;;;;;;;
ks_theory;Укажите правильное определение понятия "Коммерческий расход газа";3;3;суточный расход газа, необходимый для продажи потребителям;объемный расход газа через нагнетатель по условиям всасывания;суточный расход газа, приведенный к стандартным условиям;;;;;;;
kip;В чём измеряется виброскорость?;1;3;м/с;мм;м/с2;;;;;;;
rpo_theory;С какой периодичностью актуализируется перечень работ с повышенной опасностью?;1;3;Один раз в три года либо по мере добавления новых работ;Один раз в год либо по мере добавления новых работ;По мере добавления новых работ;;;;;;;
rpo_theory;Кому предоставляется право выдачи наряд-допусков на работы повышенной опасности?;3;3;Право выдачи нарядов-допусков предоставляется специалисту, назначенному приказом по филиалу;Право выдачи нарядов-допусков предоставляется, как правило, специалисту группы по охране труда;Право выдачи нарядов-допусков предоставляется, как правило,  начальникам службы (цеха, участка);;;;;;;
rpo_theory;Допускается ли совмещение обязанностей лица выдающего наряд-допуск и руководителя работ на одно место выполнения работ с повышенной опасностью?;1;2;Допускается;Не допускается;;;;;;;;
rpo_theory;Допускается ли проводить инструктаж методом самостоятельного изучения нормативных документов исполнителями работ перед началом работ повышенной опасности?;1;3;Не допускается;Допускается;Допускается, при организации инструктируемых в группу для изучения нормативных документов;;;;;;;
rpo_theory;Где регистрируется инструктаж исполнителям при проведении работ повышенной опасности без оформления наряд-допуска?;3;3;В «Журнале регистрации работ»;В «Журнале выдачи производственных заданий»;В «Журнале регистрации инструктажа на рабочем месте»;;;;;;;
rpo_theory;Вредный производственный фактор - это...;2;2;производственный фактор, воздействие которого на работника может привести к его травме;производственный фактор, воздействие которого на работника может привести к его заболеванию;;;;;;;;
rpo_theory;Опасный производственный фактор - это...;1;2;производственный фактор, воздействие которого на работника может привести к его травме;производственный фактор, воздействие которого на работника может привести к его заболеванию;;;;;;;;
rpo_zem;При вскрытии движущиеся части землеройных механизмов должны проходить на расстоянии…;2;3;не менее 1 м от поверхности коммуникаций (газопроводов, трубопроводов, кабелей и т.п.);не менее 0,5 м от поверхности коммуникаций (газопроводов, трубопроводов, кабелей и т.п.);не менее 1,5 м от поверхности коммуникаций (газопроводов, трубопроводов, кабелей и т.п.);;;;;;;
rpo_zem;С наступлением темноты место проведения земляных работ необходимо осветить прожекторами или переносными электрическими лампочками, установленными на высоте…;3;3;не менее 2,5 м;не менее 3 м;не менее 2 м;;;;;;;
rpo_zem;При рытье котлована или траншеи необходимо оставлять по их краям свободные проходы (бровки) шириной…;1;3;не менее 0,5 м;не менее 1 м;не менее 1,5 м;;;;;;;
rpo_zem;В грунтах с естественной влажностью (при отсутствии грунтовых вод), а также в зависимости от характера грунта допускается рыть траншеи и котлованы с вертикальными стенами без откосов и креплений глубиной;2;3;не более 2 метров;не более 1 метра;не более 3 метров;;;;;;;
rpo_zem;При устройстве крепления откосов верхняя часть его должна выступать над кромкой траншеи или котлована…;3;3;не более чем на 0,15 м;не менее чем на 0,1 м;не менее чем на 0,15 м;;;;;;;
rpo_zem;Какова наибольшая допустимая крутизна откосов траншей и котлованов (при условии естественной влажности и отсутствии грунтовых вод)?;2;3;25°;45°;60°;;;;;;;
rpo_zem;Где должны располагаться инструменты и материалы, необходимые для производства земляных работ?;1;4;не ближе 0,5 м от наружного края траншеи (котлована);не ближе 0,25 м от наружного края траншеи (котлована);не дальше 0,25 м от наружного края траншеи (котлована);не дальше 0,5 м от наружного края траншеи (котлована);;;;;;
rpo_zem;Допускается ли вскрытие газопровода с помощью механизмов и освобождение от изоляции вручную без снижения давления в нем?;2;3;Допускается в любых случаях;Допускается, если известно точное расположение газопровода, нет утечек газа или других факторов;Не допускается, даже если известно точное расположение газопровода в плане и по глубине;;;;;;;
rpo_zem;Сколько выходов должен иметь котлован при работе на трубопроводе диаметром до 800 мм?;1;3;Котлован должен иметь не менее двух выходов - по одному в каждую сторону котлована;Котлован должен иметь не менее четырёх выходов - по два в каждую сторону котлована;Котлован должен иметь не менее 3 выходов: один в сторону экскаватора, два в противоположную сторону;;;;;;;
rpo_zem;Сколько выходов должен иметь котлован при работе на трубопроводе диаметром 800 мм и выше?;3;3;Котлован должен иметь не менее двух выходов - по одному в каждую сторону котлована;Котлован должен иметь не менее 3 выходов: один в сторону экскаватора, два в противоположную сторону;Котлован должен иметь не менее четырех выходов, расположенных по два с каждой стороны трубопровода.;;;;;;;
rpo_zem;Как необходимо передавать в котлован инструмент или материал?;1;3;Его необходимо опускать на веревке или передавать из рук в руки;Его можно сбрасывать в котлован;Его необходимо опускать в ковше экскаватора;;;;;;;
rpo_vysota;Не допускается выполнение работ на высоте в открытых местах при скорости ветра…;2;3;10 м/с и более, при гололеде, грозе или тумане, исключающем видимость в пределах фронта работ;15 м/с и более, при гололеде, грозе или тумане, исключающем видимость в пределах фронта работ;5 м/с и более, при гололеде, грозе или тумане, исключающем видимость в пределах фронта работ;;;;;;;
rpo_vysota;Средства подмащивания, расположенные вблизи проездов транспортных средств, должны ограждаться отбойными брусьями с таким расчетом, чтобы габарит транспортных средств не приближался к ним на расстояние ближе…;3;3;1 м;0,5 м;0,6 м;;;;;;;
rpo_vysota;Допускается ли устанавливать металлические леса ближе 5 метров от мачт электрической сети и работающего оборудования?;2;3;Не допускается;Допускается, при условии обесточивания и заземления электрических проводов;Допускается ;;;;;;;
rpo_vysota;Работы на высоте — это работы, при выполнении которых работник находится на расстоянии…;1;3;менее 2 м от не огражденных перепадов по высоте 1,3 м и более;менее 1,3 м от не огражденных перепадов по высоте 2 м и более;менее 2 м от не огражденных перепадов по высоте 1,6 м и более;;;;;;;
pb_theory;Выберите определение охранной зоны объектов магистральных газопроводов при однониточной прокладке трубопроводов?;1;3;участок, ограниченный условными линиями, проходящими в 25 м от оси трубопровода с каждой стороны;участок, ограниченный условными линиями, проходящими в 50 м от оси трубопровода с каждой стороны;участок, ограниченный условными линиями, проходящими в 20 м от оси трубопровода с каждой стороны;;;;;;;
pb_theory;Выберите определение охранной зоны объектов магистральных газопроводов при многониточной прокладке трубопроводов?;2;3;участок земли, ограниченный условными линиями, проходящими в 50 м от осей крайних трубопроводов;участок земли, ограниченный условными линиями, проходящими в 25 м от осей крайних трубопроводов;участок земли, ограниченный условными линиями, проходящими в 35 м от осей крайних трубопроводов;;;;;;;
sto_pod-org;На какой срок выдаётся разрешение на производство работ в охранной зоне подрядной организации?;2;3;на срок, необходимый для производства работ, но не более чем на 1 месяц;на срок, необходимый для производства работ, но не более чем на 1 год;на срок, необходимый для производства работ;;;;;;;
sto_pod-org;На какой срок выдаётся разрешение на производство работ в охранной зоне подрядной организации при производстве работ по капитальному ремонту линейной части магистральных газопроводов?;1;3;на срок не более чем на 1 месяц;на срок, необходимый для производства работ;на срок не более чем на 1 год;;;;;;;
sto_pod-org;Согласно Положения о допуске подрядных организаций ответственность за оформление и согласование наряда-допуска на проведение ремонтных работ или акта-допуска, а также разработку подготовительных мероприятий возлагается на…;1;3;руководителя структурного подразделения филиала;руководителя подрядной организации;группу по охране труда филиала;Один экземпляр Акта-допуска передаётся лицу, ответственному за безопасное производство работ подрядной организации;;;;;;
sto_pod-org;Что является основанием для доступа работников подрядной организации на объект?;2;3;Наличие сопроводительного письма с приложениями;Наличие подписанного приказа об организации и проведении работ на объекте (территории) филиала;Наличие списка работников, которые будут выполнять работы;;;;;;;
sto_ballon;В верхней сферической части каждого баллона, если иное место не указано в руководстве по эксплуатации, должны быть отчетливо нанесены клеймением следующие данные… (отметьте лишнее);3;5;товарный знак завода-изготовителя;номер баллона;фактическая масса полного баллона;дата (месяц и год) изготовления и год следующего освидетельствования;рабочее давление;;;;;
sto_ballon;Укажите цвета окраски баллонов с кислородом и цвет надписи на них;1;3;Цвет баллона - голубой, цвет надписи - чёрный;Цвет баллона - голубой, цвет надписи - белый;Цвет баллона - чёроный, цвет надписи - голубой;;;;;;;
sto_ballon;Укажите цвета окраски баллонов с пропаном и цвет надписи на них;2;3;Цвет баллона - красный, цвет надписи - чёрный;Цвет баллона - красный, цвет надписи - белый;Цвет баллона - чёрный, цвет надписи - белый;;;;;;;
sto_ballon;Укажите цвета окраски баллонов с ацетиленом и цвет надписи на них;3;3;Цвет баллона - красный, цвет надписи - чёрный;Цвет баллона - белый, цвет надписи - чёрный;Цвет баллона - белый, цвет надписи - красный;;;;;;;
sto_ballon;Укажите цвета окраски баллонов со сжатым воздухом и цвет надписи на них;1;3;Цвет баллона - чёрный, цвет надписи - белый;Цвет баллона - белый, цвет надписи - чёрный;Цвет баллона - голубой, цвет надписи - чёрный;;;;;;;
sto_ballon;Надписи на баллонах со сжатыми газами вместимостью свыше 12 литров  наносят по окружности на длину…;2;3;не менее 2/3 окружности;не менее 1/3 окружности;не менее 1/4 окружности;;;;;;;
sto_ballon;Каков срок службы баллонов при отсутствии этой информации в паспорте баллона?;1;3;20 лет;15 лет;10 лет;;;;;;;
sto_ballon;На шкале манометра, установленного на баллоне должна быть нанесена красная черта, указывающая…;1;3;величину рабочего давления;величину максимального давления;величину пробного давления;;;;;;;
sto_ballon;Манометры, установленные на баллонах должны иметь класс точности не ниже:;3;3;2,5 – при рабочем давлении сосуда выше 2,5 МПа;1,5 – при рабочем давлении сосуда до 2,5 МПа;2,5 – при рабочем давлении сосуда до 2,5 МПа;;;;;;;
sto_ballon;Манометры, установленные на баллонах должны иметь класс точности не ниже:;3;3;2,5 – при рабочем давлении сосуда выше 2,5 МПа;1,5 – при рабочем давлении сосуда выше 2,5 МПа;1,5 – при рабочем давлении сосуда до 2,5 МПа;;;;;;;
sto_ballon;Боковые штуцеры вентилей для баллонов, наполняемых горючими газами, должны иметь…;1;2;левую резьбу;правую резьбу;;;;;;;;
sto_ballon;Боковые штуцеры вентилей для баллонов, наполняемых негорючими газами, должны иметь…;2;2;левую резьбу;правую резьбу;;;;;;;;
sto_ballon;Редукторы баллонные газовые одноступенчатые предназначены для…;1;3;понижения давления газа и автоматического поддержания заданного рабочего давления постоянным;автоматического поддержания заданного рабочего давления постоянным;повышения давления газа и автоматического поддержания заданного рабочего давления постоянным;;;;;;;
sto_ballon;Использование редуктора на баллоне не допускается в следующих случаях:;4;4;неисправен манометр;наличие самотека;повреждена резьба на накидной гайке;все утверждения верны;;;;;;
sto_ballon;На каком расстоянии от радиаторов отопления и других отопительных приборов должны находиться баллоны со сжатыми газами?;2;3;не менее 5 метров;не менее 1 метра;не менее 2 метров;;;;;;;
sto_ballon;На каком расстоянии от источников тепла с открытым огнем должны находиться баллоны со сжатыми газами?;1;3;не менее 5 метров;не менее 10 метров;не менее 15 метров;;;;;;;
sto_ballon;Баллоны с газом во время огневых работ в помещении должны устанавливаться…;2;2;в помещении;вне помещения;;;;;;;;
sto_ballon;Допускается ли производить газовую сварку, резку и другие виды газопламенной обработки металлов с применением сжиженных газов в цокольных и подвальных помещениях, а также в колодцах, шахтах и других подземных сооружениях?;2;3;Допускается;Не допускается;Допускается, при условии 3-х кратного вентилирования помещения;;;;;;;
sto_ballon;Для обеспечения быстрого перекрытия вентиля при возникновении воспламенения или обратного удара газа при проведении газопламенных работ клапан вентиля баллона с горючим газом открывается не более чем…;1;2;на 1 оборот;на 2 оборота;;;;;;;;
sto_ballon;Допускается ли хранение баллонов со сжатыми газами на площадках под открытым воздухом?;1;3;Допускается, при условии защиты от атмосферных осадков и солнечных лучей;Допускается;Не допускается;;;;;;;
sto_ballon;Допускается ли хранение наполненных баллонов до выдачи их потребителям без предохранительных колпаков?;2;3;Не допускается;Допускается;Допускается, при условии только вертикального хранения;;;;;;;
sto_ballon;Баллоны, которые не имеют башмаков, можно хранить…;3;3;в вертикальном положении;в горизонтальном положении в металлических клетках;в горизонтальном положении на деревянных рамах или стеллажах;;;;;;;
sto_ballon;При укладке баллонов в штабеля высота последних не должна превышать…;1;3;1,5 метра;2 метра;1 метра;;;;;;;
sto_ballon;Температура воздуха в помещении хранения баллонов не должна превышать…;2;3;30°С;35°С;40°С;;;;;;;
sto_ballon;Погрузка и разгрузка баллонов с взрывопожароопасным газом и кислородом является работой с повышенной опасностью и проводится…;2;3;с оформлением наряд-допуска;без оформления наряда-допуска, но с записью в журнале, предназначенном для регистрации этих работ;без оформления наряда-допуска;;;;;;;
sto_ballon;Какова допустимая норма разового подъема тяжестей (без перемещения) мужчинами?;1;3;не более 50 кг;не более 45 кг;не более 60 кг;;;;;;;
med;Положение пострадавшего при выполнении непрямого массажа сердца:;3;4;полусидя;лежа на спине;лежа на спине на твердой, ровной поверхности с приподнятыми ногами;первый и второй варианты;;;;;;
med;Подготовительный этап сердечно-легочной реанимации включает:;3;4;восстановление проходимости дыхательных путей, искусственная вентиляция лёгких;искусственная вентиляция лёгких и непрямой массаж сердца;укладывание пострадавшего спиной на жесткую поверхность, освобождение от стесняющей одежды;прекардиальный удар;;;;;;
med;Очищать полость рта при проведении сердечно-легочной реанимации:;4;4;нужно;не нужно;только при утоплении;при видимом постороннем предмете;;;;;;
med;При проведении искуственной вентиляции лёгких методом «рот в нос» необходимо:;1;3;свободной рукой плотно удерживать нижнюю челюсть пострадавшего, чтобы его рот был закрыт;не проводить никаких манипуляции с нижней челюстью пострадавшего.  ;свободной рукой открывать рот пострадавшего для обеспечения выдоха;;;;;;;
med;Ритм сердечно-легочной реанимации, выполняемой при оказании первой помощи:;3;3;5 надавливаний на грудную клетку – 1 вдувание воздуха;15 надавливаний на грудную клетку – 2 вдувания воздуха;30 надавливаний на грудную клетку – 2 вдувания воздуха;;;;;;;
med;Перечислите, какие сведения необходимо сообщить диспетчеру при вызове «03»?;3;3;Характер происшествия (опознавательные ориентиры);Примерное время происшествия, количество пострадавших (в т.ч. беременные, дети);Все перечисленные сведения;;;;;;;
med;В какой последовательности следует действовать при оказании помощи пострадавшему с проникающим ранением грудной клетки?;1;4;Усадить пострадавшего, закрыть рану ладонью, заклеить ее пластырем, вызвать скорую помощь;Вызвать скорую помощь, уложить пострадавшего, закрыть рану ладонью, заклеить ее пластырем;Усадить пострадавшего, обработать рану йодом и забинтовать, вызвать скорую помощь;Успокоить пострадавшего, вызвать скорую помощь и не трогать его до прибытия медицинских работников;;;;;;
med;Что из перечисленного категорически нельзя делать в случаях ранения живота?;4;4;Предлагать пострадавшему обезболивающее и обильное питье;Вправлять выпавшие из раны внутренние органы;Извлекать из раны инородные предметы;Все перечисленные действия;;;;;;
med;Что категорически нельзя делать до прибытия спасательных служб, если ноги пострадавшего придавлены тяжелым предметом более 30 минут?;2;4;По возможности, наложить защитные жгуты, выше сдавливающего предмета;Поднимать сдавливающий ноги предмет;Предлагать обильное теплое питье;Предлагать для обезболивания 2-3 таблетки анальгина (при условии отсутствия аллергических реакций);;;;;;
med;Что необходимо сделать, если из грудной клетки пострадавшего торчит инородный предмет?;4;4;Успокоить пострадавшего, вызвать скорую помощь и не трогать его до прибытия медицинских работников;Удалить предмет быстрым резким движением, стараясь не расширять рану, а затем заклеить ее пластырем;Медленным движением извлечь предмет, стараясь не повреждать окружающие ткани, забинтовать рану;Оставить предмет в ране, зафиксировав между двумя скатками бинта, и прикрепить их пластырем к коже;;;;;;
med;Что необходимо сделать при подозрении на внутреннее кровотечение (частые обмороки у пострадавшего)?;4;4;Предложить пострадавшему обильное питье;Использовать грелки для уменьшения боли;Предложить пострадавшему обезболивающие;Обеспечить положение лежа на спине с приподнятыми ногами, приложить холод к животу;;;;;;
med;Что лучше всего предложить выпить пострадавшему в случае голодного обморока?;2;4;Газированные напитки;Крепкий сладкий чай;Молоко или йогурт;Пиво или сок;;;;;;
med;Что недопустимо делать, если у пострадавшего термические ожоги с повреждением целостности кожи и ожоговых пузырей?;4;4;Смазывать ожог йодом, зеленкой, мазями или присыпать крахмалом;Смазывать маслом или вазелином;Промывать место ожога холодной водой или прикладывать к поврежденной коже снег или холод;Все перечисленные действия;;;;;;
med;Правила обработки ожога без нарушения целостности ожоговых пузырей;3;3;смазать обоженную поверхность маслом или жиром;промыть под струей холодной воды в течении 10-15 мин. Забинтовать чистой повязкой.;подставить под струю холодной воды на 10-15 мин или приложить холод на 20-30 мин.;;;;;;;
med;При переломах конечностей;2;3;при открытых переломах сначала наложить шину и только затем повязку;при открытых переломах сначала наложить повязку и только затем шину;"переноска пострадавшего только в положении "лежа на спине";;;;;;;
med;Что необходимо предпринять, если пострадавший в состоянии клинической смерти извлечен из колодца, коллектора или вынесен из очага пожара?;4;4;Вызвать спасательные службы и ожидать их прибытия;Проводить непрямой массаж сердца и проводить вдохи через слой мокрой ткани;Проводить непрямой массаж сердца и проводить вдохи через слой сухой ткани;Проводить только непрямой массаж сердца без вдохов;;;;;;
med;При отравлениях метиловым спиртом каждые 3 часа внутрь вводится этанол в дозе;2;4;20 мл 5% раствора;50 мл 30% раствора;200 мл 30% раствора;50 мл 70% раствора;;;;;;
med;Химический ожог пищеварительного тракта развивается при отравлении… найдите ошибочный ответ ;1;4;аспирином;фенолом;крепкими кислотами;щелочами;;;;;;
med;Выберите общие признаки заболевания органов кровообращения:;2;3;першение в горле, кашель;боли в области сердца, нарушение ритма сердечных сокращений;кашель, одышка, тяжесть дыхания;;;;;;;
med;Найдите неверное утверждение:;3;3;При инфаркте миокарда боль не снимается нитроглицерином;Способствовать развитию инфаркта миокарда может эмоциональное и физическое перенапряжение;Больных инфарктом миокарда рекомендуется лечить в домашних условиях;;;;;;;
kip;ШКС-04М предназначен для …;7;7;непрерывного контроля параметров КЦ;защиты технологического оборудования КЦ;формирования предупредительной и аварийной сигнализации;реализации алгоритмов управления КЦ;экстренного аварийного останова КЦ;дистанционного управления кранами КЦ;для всех перечисленных;;;
kip;Калибровка средств измерений это — совокупность операций, выполняемых в целях...;2;2;подтверждения соответствия средств измерений метрологическим требованиям;определения действительных значений метрологических характеристик средств измерений;;;;;;;;
kip;Средство измерения-это техническое средство,предназначенное для измерений и имеющее…;2;4;Погрешность;Нормированные метрологические характеристики;Чувствительность;Точность;;;;;;
kip;К какому виду взрывозащиты относится оборудование в взрывонепроницаемой оболочке?;1;3;d;e;i;;;;;;;
kip;Какой принцип действия используется в газоанализаторах СГОЭС?;1;4;оптический;полупроводниковый;фотоионизационный;электрохимический;;;;;;
kip;Для каких целей применяется защитное заземление ?;2;4;для увеличения уровня помех в системах автоматизации;для обеспечения электробезопасности.;для проведения текущего осмотра оборудования;для упрощения электрической схемы и удешевления устройств и систем промышленной автоматизации;;;;;;
kip;Дайте определение "Температура точки росы по воде" (ТТРв)?;3;3;Температура при конкретном давлении, при которой начинается испарение паров воды и выражается в °С;Температура при конкретном давлении, при которой начинается замерзание паров воды и выражается в °С;Температура при конкретном давлении, при которой начинается конденсация паров воды и выражается в °С;;;;;;;
sto_pozh;Использованные обтирочные материалы следует собирать…;2;3;в контейнеры из негорючего материала;в контейнеры из негорючего материала с закрывающейся крышкой;в деревянные ящики;;;;;;;
sto_pozh;Необходимое время эвакуации — это время с момента возникновения пожара, в течение которого люди должны эвакуироваться…;1;2;в безопасную зону без причинения вреда жизни и здоровью в результате воздействия пожара;из горящего помещения без причинения вреда жизни и здоровью людей в результате воздействия пожара;;;;;;;;
sto_pozh;Эвакуационный путь — это путь движения и (или) перемещения людей…;2;2;ведущий через коридор в безопасную зону;ведущий наружу или в безопасную зону, удовлетворяющий требованиям безопасности людей при пожаре;;;;;;;;
sto_pozh;Технические средства оповещения и управления эвакуацией — это совокупность технических средств (приборов управления оповещателями, пожарных оповещателей), предназначенных для…;1;2; оповещения людей о пожаре;передачи по каналам связи и приема извещений о пожаре на охраняемом объекте;;;;;;;;
sto_pozh;Огнетушители по виду применяемого огнетушащего вещества (ОТВ) подразделяются на:;2;3;водные, порошковые, углекислотные;водные, порошковые, газовые;порошковые, углекислотные, газовые;;;;;;;
sto_pozh;Определение «поверхностное тушение»:;1;2;подача средств пожаротушения непосредственно в очаг пожара;создание в районе пожара газовой среды, не поддерживающей горения;;;;;;;;
sto_pemg;Ограждение территории КС выполняют высотой …;2;3;не менее 2 м ;не менее 2,2 м ;не менее 2,5 м ;;;;;;;
sto_pemg;Для каких целей крышку колодца оборудуют отверстием диаметром от 20 до 30 мм?;3;3;для избежания скопления газа;для отбора проб воздуха без спуска в колодец;оба варианта вместе;;;;;;;
sto_pemg;На территории объектов МГ скорость движения транспортных средств ограничивают до …;3;3;10 км/ч;15 км/ч;20 км/ч;;;;;;;
sto_pemg;Запрещено производить открытие запорной арматуры DN ? 500 мм при перепаде давления газа на затворе…;2;3;более 0,02 МПа;более 0,2 МПа;более 0,3 МПа;;;;;;;
sto_pemg;Какую территорию вокруг крановых площадок освобождают от растительности?;1;3;5 м от ограждения;10 м от ограждения;7 м от ограждения;;;;;;;
sto_pemg;При эксплуатации тепловых сетей среднегодовая утечка теплоносителя не должна превышать норму, которая составляет…;3;3;5% от среднегодового объема воды в тепловой сети и присоединённых к ней системах теплопотребления;3% от среднегодового объема воды в тепловой сети и присоединённых к ней системах теплопотребления;2,5% от среднегодового объема воды в тепловой сети и присоединённых к ней системах теплопотребления;;;;;;;
sto_learn;Какова продолжительность вводного инструктажа, включая проверку усвоенной информации и оформление документации?;2;3;не менее часа;не менее двух часов;не менее трёх часов;;;;;;;
sto_learn;Проведение вводного инструктажа работникам рабочих профессий регистрируется…;2;3;в «Журнале регистрации вводного инструктажа»;в «Журнале регистрации вводного инструктажа» и в личной карточке регистрации инструктажа;в личной карточке регистрации инструктажа;;;;;;;
sto_learn;Какой инструктаж не относится к инструктажу по охране труда на рабочем месте?;4;5;первичный инструктаж по охране труда;повторный инструктаж по охране труда;внеплановый инструктаж по охране труда;целевой инструктаж;все ответы верны;;;;;
sto_learn;Что разрабатывается для проведения первичного инструктажа на рабочем месте?;2;3;План первичного инструктажа;Программа первичного инструктажа;График первичного инструктажа;;;;;;;
sto_learn;Где фиксируется первичный инструктаж на рабочем месте (кроме командированного персонала)?;1;3;В личной карточке регистрации инстуктажа;В «Журнале регистрации инструктажа на рабочем месте»;В «Журнале регистрации первичного инструктажа на рабочем месте»;;;;;;;
sto_learn;Повторный инструктаж по охране труда проводится не реже…;3;3;одного раза в 6 месяцев;одного раза в 12 месяцев;одного раза в 3 месяца;;;;;;;
sto_learn;В каком случае не проводится внеплановый инструктаж на рабочем месте?;4;4;изменение в технологических процессах, использовании материалов, влияющими на безопасность труда;требования должностных лиц федеральной инспекции труда при установлении нарушений требований ОТ;перерыв в работе продолжительностью более 30 календарных дней;перед выполнением работ, не относящихся к основному технологическому процессу;;;;;;
sto_learn;Как оформляется целевой инструктаж если работа проводится без наряда - допуска или разрешения, где предусмотрена запись о проведенном инструктаже?;2;3;Оформляется записью в «Журнале выдачи производственных заданий» службы, цеха, участка;Оформляется записью в «Журнале регистрации инструктажа на рабочем месте» службы, цеха, участка;Оформляется записью в «Журнале регистрации работ» службы, цеха, участка, где выполняется работа;;;;;;;
sto_learn;Обучение по использованию (применению) СИЗ, в том числе СИЗОД, проводится не реже одного раза…;1;3;в 3 года для руководителей и специалистов, и не реже 1 раза в год для работников рабочих профессий;в год для руководителей и специалистов, и не реже 2 раз в год для работников рабочих профессий;в 3 года для руководителей и специалистов, и не реже 2 раз в год для работников рабочих профессий;;;;;;;
sto_learn;Какова продолжительность программы обучения работников по оказанию первой помощи пострадавшим?;3;3;не менее 2 часов в случае организации самостоятельного процесса обучения по этому виду обучения;не менее 6 часов;не менее 8 часов в случае организации самостоятельного процесса обучения по этому виду обучения;;;;;;;
sto_learn;Какова периодичность обучения работников рабочих профессий оказанию первой помощи пострадавшим?;2;3;не реже одного раза в 3 года;не реже, чем один раз в год;не реже двух раз в год;;;;;;;
sto_learn;Где фиксируется обучение по оказанию первой помощи пострадавшим?;3;3;В «Журнале учета обучения оказанию первой помощи»;В личной карточке регистрации инструктажа;Оба варианта вместе;;;;;;;
sto_learn;Стажировка по охране труда на рабочем месте проводится в целях…;1;3;приобретения работниками практических навыков безопасных методов и приемов выполнения работ;приобретения работниками теоретических знаний безопасных методов и приемов выполнения работ;закрепления работниками практических и теоретических навыков;;;;;;;
sto_srd;С какой периодичность проводят гидроиспытания СРД?;1;3;каждые 8 лет эксплуатации;каждые 6 лет эксплуатации;каждые 4 года эксплуатации;;;;;;;
sto_srd;Внеочередное техническое освидетельствование сосудов (СРД), находящихся в эксплуатации, должно быть проведено в следующих случае:;4;4;если сосуд не эксплуатировался более 12 месяцев;если сосуд был демонтирован и установлен на новом месте;если произведен ремонт сосуда с применением сварки или пайки элементов, работающих под давлением;все ответы верны;;;;;;
sto_srd;Какова величина минимального пробного давления гидроиспытаний СРД при рабочем давлении более 0,5МПа?;1;3;выше рабочего на 25%;выше рабочего на 50%;выше рабочего на 10%;;;;;;;
sto_srd;Какова периодичность продувки СРД в зимнее время?;2;3;не менее 1 раза в месяц для проверки работоспособности продувочных и дренажных линий;не менее 2-х раз в месяц для проверки работоспособности продувочных и дренажных линий;не менее 3-х раз в месяц для проверки работоспособности продувочных и дренажных линий;;;;;;;
sto_srd;Каков номинальный диаметр корпуса манометров, устанавливаемых на СРД на высоте менее 2 метров?;1;3;не менее 100 мм;не менее 160 мм;не регламентируется;;;;;;;
sto_srd;Каков номинальный диаметр корпуса манометров, устанавливаемых на СРД на высоте от 2 до 3 метров?;1;3;не менее 100 мм;не менее 160 мм;не регламентируется;;;;;;;
pump_nc-16-76;Для чего предназначен регулятор перепада давления (РПД) системы уплотнения нагнетателя НЦ-16/76?;3;3;Для обеспечения постоянного перепада давления перекачиваемого газа над давлением масла;Для обеспечения перепада давления масла в системе уплотнения над давлением в системе смазки;Для обеспечения постоянного перепада давления масла над давлением перекачиваемого газа;;;;;;;
pump_nc-16-76;Для чего предназначены гидроаккумуляторы масла маслосистемы нагнетателя НЦ-16/76?;2;3;Для обеспечения постоянного перепада давления перекачиваемого газа над давлением масла;Для обеспечения подачи масла в уплотнения в случае прекращения его подачи от насосов;Для обеспечения отвода масла от уплотнениий в случае его подачи от насосов с повышенным давлением;;;;;;;
pump_nc-16-76;Тип системы смазки нагнетателя НЦ-16/76:;1;3;циркуляционная под давлением с воздушным охлаждением;циркуляционная под давлением с масляным охлаждением;разомкнутая под давлением с масляным охлаждением;;;;;;;
pump_nc-16-76;Безвозвратные потери масла в системе смазки и уплотнения нагнетателя НЦ-16/76:;3;3;не более 1 кг/ч;не более 1,5 кг/ч;не более 0,5 кг/ч;;;;;;;
pump_nc-16-76;Тип главного насоса смазки (ГНС) нагнетателя НЦ-16/76:;2;3;винтовой;шестеренчатый;плунжерный;;;;;;;
pump_nc-16-76;Тип главного насоса уплотнения (ГНУ) нагнетателя НЦ-16/76:;1;3;винтовой;шестеренчатый;плунжерный;;;;;;;
pump_nc-16-76;Тип пускового насоса смазки (ПНС) нагнетателя НЦ-16/76:;1;3;винтовой;шестеренчатый;плунжерный;;;;;;;
pump_nc-16-76;Какова производительность главного насоса смазки?;3;3;184 л/мин;162 л/мин;510 л/мин;;;;;;;
pump_nc-16-76;Степень фильтрации маслофильтров в системе смазки нагнетателя НЦ-16/76, мкм;2;3;20 мкм;40 мкм;25 мкм;;;;;;;
pump_nc-16-76;Степень фильтрации маслофильтров в системе уплотнения нагнетателя НЦ-16/76, мкм;1;3;20 мкм;40 мкм;25 мкм;;;;;;;
pump_nc-16-76;Какова ёмкость одного аккумулятора масла системы уплотнения нагнетателя НЦ-16/76?;3;3;220 л;350 л;540 л;;;;;;;
pump_nc-16-76;Каково назначение клапана КР2 маслосистемы нагнетателя НЦ-16/76?;2;3;Ограничение давления в коллекторе смазки;Защита системы смазки от перегрузки при одновременном включении пускового и главного насосов смазки;Ограничение предельного значение давления пускового и главного насосов смазки;;;;;;;
pump_nc-16-76;Каково назначение клапана КР1 маслосистемы нагнетателя НЦ-16/76?;1;3;Ограничение давления в коллекторе смазки;Защита системы смазки от перегрузки при одновременном включении пускового и главного насосов смазки;Ограничение предельного значение давления пускового и главного насосов смазки;;;;;;;
pump_nc-16-76;Каково назначение клапана КР3 маслосистемы нагнетателя НЦ-16/76?;3;3;Ограничение давления в коллекторе смазки;Защита системы смазки от перегрузки при одновременном включении пускового и главного насосов смазки;Ограничение предельного значение давления пускового и главного насосов смазки;;;;;;;
pump_nc-16-76;Каково значение настройки клапана КР2 маслосистемы нагнетателя НЦ-16/76?;2;3;0,16...0,20 МПа;0,30...0,40 МПа;0,60 МПа;;;;;;;
pump_nc-16-76;Каково значение настройки клапана КР1 маслосистемы нагнетателя НЦ-16/76?;1;3;0,16...0,20 МПа;0,30...0,40 МПа;0,60 МПа;;;;;;;
pump_nc-16-76;Каково значение настройки клапана КР3 маслосистемы нагнетателя НЦ-16/76?;3;3;0,16...0,20 МПа;0,30...0,40 МПа;0,60 МПа;;;;;;;
pump_theory;При какой схеме работы нескольких газоперекачивающих агрегатов достигается наибольшая экономия топливного газа?;1;3;Минимальное число полностью загруженных агрегатов, т.к. КПД ГТУ растёт с увеличением мощности;При работе трёх полностью загруженных агрегатов, так как КПД ГТУ растёт с увеличением мощности;При работе максимально возможного количества агрегатов;;;;;;;
tpa;Что такое "Номинальный диаметр ТПА"?;1;3;Параметр, применяемый в качестве характеристики присоединяемых частей арматуры;Внутренний диаметр ТПА, характеризующий пропускную способность арматуры;Номинальный диаметр арматуры, приблизительно равный диаметру проходного сечения;;;;;;;
tpa;Что такое "Герметичность ТПА"?;2;3;Состояние арматуры, при котором её эксплуатация является целесообразной;Способность ТПА препятствовать газовому или жидкостному обмену между разделёнными средами;Способность арматуры и отдельных её элементов и соединений сохранять работоспособное состояние;;;;;;;
pb_theory;Что такое "Нижний концентрационный предел распространения пламени (НКПРП)"?;1;3;Концентрация горючего газа или пара в воздухе, ниже которой газовая среда не является взрывоопасной;Концентрация горючего газа или пара в воздухе, ниже которой газовая среда является взрывоопасной;Концентрация горючего газа или пара в воздухе, ниже которой газовая среда не является пожароопасной;;;;;;;
sto_eb;Какие помещения называются сырыми? (п.1.1.8. ПУЭ);4;4;Относительная влажность воздуха не превышает 60%;Относительная влажность воздуха близка к 100%;Относительная влажность воздуха превышает 60% , но не превышает 75%;Относительная влажность воздуха превышает 75%;;;;;;
sto_eb;Допускается или нет использование трубопроводов центрального отопления в качестве естественных заземлителей? (п.1.7.110. ПУЭ);3;5;Допускается для уравнивания потенциалов;Допускается, если в сети электропитания объекта используется устройство защитного отключения (УЗО);Не допускается;Допускается, если относительная влажность воздуха не превышает 60%;Допускается в помещениях без повышенной опасности;;;;;
sto_eb;Какое должно быть различие между светильниками аварийного и светильниками рабочего освещения? (п.2.12.3. ПТЭЭП);1;3;Должны различаться окраской или знаками;Не требуется;Должны различаться конструктивно друг от друга;;;;;;;
sto_eb;Разрешается или не допускается применение люминесцентных ламп для переносного освещения? (п.2.12.6. ПТЭЭП);3;3;Разрешается в исключительных случаях, по разрешению ответственного за электрохозяйство Потребителя;Запрещается в любых случаях;Применение люминесцентных ламп, не укреплённых на жёстких опорах, не допускается;;;;;;;
sto_eb;На какой высоте от пола должны устанавливаться выключатели общего освещения в жилых и производственных помещениях? (п.6.6.31. ПУЭ);1;3;От 08, до 1,7 метра;От 0,8 до 1,0 метра;От 0,8 до 2,2 метра;;;;;;;
sto_eb;Разрешается или не допускается работа с ручными электрическими машинами с приставных лестниц? (п.44.9. ПОТЭЭ);2;3;Допускается, при условии использования страховочного по-яса, привязанного к лестнице;Запрещается работать с приставных лестниц;Разрешается на усмотрение ответственного за электрохозяй-ство и под его надзором (контролем);;;;;;;
ks_es;Укажите типовой режим электроснабжения компрессорной станции;2;3;От одного независимого источника электроснабжения и в аварийном режиме от второго источника - АДЭС;От двух независимых источников электроснабжения и в аварийном режиме от третьего источника - АДЭС;От трёх независимых источников электроснабжения и в аварийном режиме от четвёртого источника - АДЭС;;;;;;;
sto_pozh;Какое количество человек не допускается для одновременного пребывания в помещениях с одним эвакуационным выходом?;2;3;40;более 50;без ограничений;;;;;;;
pb_theory;Каковы установленные сроки расследования тяжелого или смертельного несчастного случая на производстве? Возможно ли продление этих сроков?;1;3;15 дней, возможно продление сроков расследования председателем комиссии на 15 дней;3 дня, решение о продлении срока расследования принимается руководителем гос.инспекции труда;15 дней без продления;;;;;;;
gtd_nk-16st;КПВ двигателя НК-16СТ служит для:;1;3;обеспечения устойчивой работы двигателя на нерасчетных режимах;для повышения температуры продуктов сгорания перед ТВД;для предотвращения повышения давления воздуха в компрессоре выше допустимого;;;;;;;
gtd_nk-16st;При понижении температуры на входе в двигатель НК-16СТ до - 6°С мощность свободной турбины…;3;3;не изменяется и равна 16000 кВт;увеличивается до 16000 кВт и при дальнейшем понижении продолжает увеличиваться до 19200 кВт;увеличивается до 19200 кВт и при дальнейшем понижении температуры до -55°С поддерживается постоянной;;;;;;;
gtd_nk-16st;Осевые усилия, действующие на ротор компрессора НД двигателя НК-16СТ воспринимаются:;2;3;роликовым подшипником передней опоры;шариковым подшипником средней опоры;осевые усилия распределяются между подшипниками передней и средней опоры поровну;;;;;;;
gtd_nk-16st;Как выполняется нормальный останов (НО) двигателя НК-16СТ?;3;3;НО агрегата производится нажатием кнопки «НО» на пульте управления  ГПА на любых режимах;НО агрегата производится при срабатывании одной из защит системы защит ГПА;после окончания запуска, кнопкой «НО» на пульте управления при работе ГПА на режимах «К» или «М»;;;;;;;
gpa_c-16;Каким образом возможно уменьшить количество потребляемого топливного газа ГПА при постоянных Nст?;2;4;увеличением Ртг;увеличением Ттг;уменьшением Ттг;уменьшением Ртг;;;;;;
gtd_nk-16st;При достижении какой скорости вращения вала НД при запуске двигателя НК-16СТ РНА открывается?;1;3;2500-2800 об/мин;500-1300 об/мин;3400-3700 об/мин;;;;;;;
gtd_theory;Температура продуктов сгорания по ходу движения в турбине понижается из-за: ;2;3;теплообмена с окружающей средой;расширения продуктов сгорания;увеличения скорости истечения;;;;;;;
gtd_nk-16st;Контроль давления масла двигателя НК-16СТ осуществляется в точках…;3;3;на входе в двигатель;на выходе из двигателя и на входе в СТ;на входе в СТ и на входе в двигатель;;;;;;;
gtd_nk-16st;В масляном теплообменнике маслосистемы ГТД НК-16СТ осуществляется:;3;3;охлаждение масла, поступающего из откачивающего насоса опоры СТ;нагрев масла, поступающего на смазку передней опоры;охлаждение масла системы САР двигателя маслом, поступающим на смазку узлов трения СТ;;;;;;;
gtd_nk-16st;Отделение воздуха от масла, поступаемых из насосов откачки опор ГТД НК-16СТ, осуществляется:;1;3;суфлёром;эжектором;центрифугой;;;;;;;
gtd_nk-16st;Отделение мелких частиц масла от воздуха, поступаемых из масляных полостей опор ГТД НК-16СТ осуществляется:;2;3;маслоуловителем;суфлёром;центрифугой;;;;;;;
gtd_nk-16st;Откуда производится отбор масла в систему регулирования двигателя НК-16СТ?;1;3;из системы смазки двигателя;из системы уплотнения нагнетателя;из системы смазки нагнетателя;;;;;;;
pump_theory;Лопаточный диффузор нагнетателя служит…;2;3;является основным элементом, в котором механическая энергия привода передаётся потоку газа;для увеличения давления за счёт торможения потока;для поворота газа и его плавной подачи в осевом направлении к второму рабочему колесу;;;;;;;
pump_nc-16-76;Какие виды подшипников используются в нагнетателе НЦ-16/76:;1;3;скольжения;качения;магнитный подвес;;;;;;;
pump_nc-16-76;Укажите тип переднего подшипника нагнетателя НЦ-16/76:;3;3;упорный;опорно-упорный;опорный;;;;;;;
pump_nc-16-76;Укажите тип заднего подшипника нагнетателя НЦ-16/76:;2;3;упорный;опорно-упорный;опорный;;;;;;;
pump_theory;Что такое приведенная характеристика центробежного нагнетателя?;2;3;зависимость выходного давления газа от входного давления;зависимость степени повышения давления газа и политропного КПД от приведенной частоты вращения;зависимость приведенной мощности от приведенной частоты вращения ротора;;;;;;;
sto_pod-org;Какой документ необходимо оформить предприятиям, организациям или отдельным гражданам перед началом работ в охранной зоне магистральных газопроводов?;2;3;разрешение в соответствии с требованиями «Правил охраны магистральных трубопроводов»;письменное разрешение эксплуатирующей организации;Письменное разрешение в соответствии с требованиями СНиП 3-42-80;;;;;;;
pla;Какие документы разрабатываются и издаются организацией для организации работ по локализации аварий, инцидентов и ликвидации их последствий?;1;3;планы ликвидации аварий и приказы на проведение аварийно-восстановительных работ;планы-графики на проведение работ по ликвидации последствий аварий, инцидентов;положение о порядке ликвидации аварий, инцидентов на объектах транспорта газа;;;;;;;
bptpg;Регулятор давления газа РДУ-80 состоит из:;1;3;исполнительного устройства, редуктора перепада давления, усилителя;редуктора перепада давления, усилителя;исполнительного устройства, усилителя;;;;;;;
bptpg;Какую функцию выполняет усилитель, входящий в состав РДУ-80?;3;3;Измеряет Рвх газа, сравнивает его с заданным и, в случае отклонения, изменяет управляющее давление;Измеряет Рвх и Рвых газа, сравнивает их с заданным и изменяет управляющее давление;Измеряет Рвых, сравнивает его с заданным и, в случае отклонения, изменяет управляющее давление;;;;;;;
bptpg;Для чего предназначен фильтр-сепаратор в БПТПГ?;1;3;для удаления жидкости и мех. примесей с технологического газа;для удаления жидкости с технологического газа;для удаления мех. примесей с технологического газа;;;;;;;
tpa;Какой из вариантов не относится к видам газопроводной арматуры?;3;5;запорная арматура;регулирующая арматура;арматура прямого действия;предохранительная арматура;арматура обратного действия;;;;;
tpa;Какой из вариантов не относится к видам привода газопроводной арматуры?;4;6;механический;пневматический;гидравлический;электропневматический;пневмогидравлический;электрический;;;;
tpa;Для чего служит мультипликатор в системе управления шаровым краном?;1;3;для подачи герметика на металлические уплотнительные кольца затвора;для подачи смазки к трущимся деталям вала затвора;для увеличения крутящего момента на валу затвора;;;;;;;
tpa;За счёт чего обеспечивается максимальный крутящий момент на валу запорного устройства при открытии и закрытии крана?;3;3;За счёт высокого давления в гидробаллонах;За счёт гидрожидкости;За счёт переменной длины рычага кулисного механизма;;;;;;;
pla;Что ещё входит в состав аварийного комплекта кроме аварийного насоса?;3;3;набор инструментов и переходников, емкость с гидравлическим маслом, ведро;соединительные шланги, емкость с гидравлическим маслом, ведро;соединительные шланги, набор инструментов и переходников, емкость с гидравлическим маслом, ведро;;;;;;;
pla;Для чего предназначен аварийный комплект?;1;3;для аварийной перестановки кранов с гидравлическим и пневмогидравлическим управлением;для аварийной перестановки кранов с электрическим, механическим и  пневматическим управлением;для аварийной перестановки кранов с электропневматическим, механическим, пневматическим управлением;;;;;;;
rpo_gidro;Что должны сделать лица, назначенные на дежурство на закреплённых участках при проведении испытаний трубопроводов, если обнаружены утечки, или другие мелкие дефекты на трубопроводах?;2;5;Мелкие дефекты необходимо устранить, об утечках доложить председателю комиссии по испытаниям;Немедленно сообщить председателю комиссии по испытаниям;Записать в специальный журнал, которым должен быть оборудован каждый пост;Поставить в известность начальника ЛЭС;Поставить в известность диспетчера;;;;;
rpo_gidro;Разрешается ли при гидроиспытаниях трубопровода, во время поднятия и выдержки испытательного давления, передвигаться по земляному валику над траншеей в которую уложен трубопровод, а также производить осмотр трубы?;4;5;Разрешается для выявления утечек;Разрешается, по распоряжению председателя комиссии;Разрешается, только вдвоём;Категорически запрещается;Разрешается только вдвоём, если один из работающих - ИТР;;;;;
rpo_gidro;Обязательна ли организация круглосуточных постов наблюдения при гидроиспытаниях?;3;5;Обязательно только в дневное время;Определяется инструкцией на проведение испытаний;Обязательна;Решает председатель комиссии;Решает диспетчер ЦДС;;;;;
rpo_gidro;Каков минимальный количественный состав устанавливается для постов наблюдения на линейных кранах при гидроиспытаниях газопровода?;2;5;Достаточно на каждый пост по одному наблюдающему;Не мене двух человек, с обязательным обеспечением радиосвязью;Не менее трёх человек;Определяется председателем комиссии;Решает начальник ЛЭС;;;;;
rpo_gidro;Можно ли во время проведения испытаний производить простукивание поперечных или продольных стыков трубы, а также производить какие либо работы на трубопроводе, находящемся под давлением?;2;4;Можно, при получении такого распоряжения от председателя комиссии;Запрещается;Разрешается только вдвоём;Разрешается только вдвоём, если один из работающих - ИТР;;;;;;
rpo_gruz;Какую из перечисленных операций обозначает сигнал, подаваемый следующим образом: резкое движение рукой вправо и влево на уровне пояса, ладонь обращена вниз?;1;5;Стоп, прекратить подъём или передвижение!;Осторожно!;Опустить стрелу;Повернуть стрелу;Передвинуть кран;;;;;
rpo_gruz;В каком из перечисленных случаев разрешается работа с краном вблизи линии электропередачи (менее 30 м) без наряда допуска?;3;4;В присутствии и под руководством лица, ответственного за безопасное производство работ;По письменному разрешению владельца крана;Работать запрещается;При наличии сигнализатора;;;;;;
rpo_gruz;Какова периодичность полной разборки, промывки и проверки износа отдельных элементов ручной тали?;3;3;Один раз в пол года;Не реже одного раза в год;Один раз в три года;;;;;;;
pu_theory;Сколько ступеней очистки проходит газ в циклонном пылеуловителе?;1;3;1;2;3;;;;;;;
pu_theory;От каких параметров зависит эффективность очистки газа в циклонном пылеуловителе?;4;4;От перепада давления на пылеуловителе;От величины рабочего давления пылеуловителя;От производительности пылеуловителя;Все варианты верны;;;;;;
pu_theory;В каких случаях пылеуловитель должен быть остановлен?;4;4;при  повышение давления выше установленного;при обнаружении  на сосуде и его элементах не герметичности и выпучин;при возникновении пожара угрожающего ПУ;во всех перечисленных случаях;;;;;;
sto_srd;Допускается ли ремонт сосудов и их элементов, находящихся под давлением?;2;5;Допускается;Не допускается;Допускается только под руководством лица, ответственного за исправное состояние сосуда;Допускается производить по технологии, разработанной заводом-изготовителем;Допускается производить по инструкции, согласованной с местным органом Ростехнадзора;;;;;
sto_srd;Что должны иметь применяемые для отключения сосуда заглушки?;1;5;Выступающую часть (хвостовик);Толщину, не менее толщины стенки сосуда;Толщину, в 1,25 раза больше толщины стенки сосуда;Толщину, в 1,5 раза больше толщины стенки сосуда;Маркировку с указанием направления движения рабочей среды;;;;;
rpo_gor;Указать длину шланга изолирующего противогаза ПШ-1?;2;5;5 м;10 м;15 м;20 м;25 м;;;;;
pla;Назовите действие сменного персонала при самопроизвольном закрытии крана №7 для предотвращения режима работы ГПА близкой к зоне помпажа.;1;3;"Немедленно открыть краны №№ 36, 36р, при необходимости вывести т/а на режим «Кольцо»;";Произвести аварийный останов цеха «АО КЦ» и произвести действия согласно плана ликвидации аварий;Приступить к открытию крана №7;;;;;;;
pla;После аварийного останова ГПА вследствие выброса масла в шахту выхлопа и его возгорания необходимо:;2;3;Включить пожарный насос;Произвести холодную прокрутку, чтобы сбить пламя в шахте выхлопа;Приступить к тушению пожара первичными средствами пожаротушения;;;;;;;
ks_theory;Продолжительная работа ГПА в режиме «Кольцо» (через кран №6) приводит к:;3;3;Понижению температуры газа на выходе из нагнетателя;Повышению давления за нагнетателем;Повышению температуры за нагнетателем;;;;;;;
ks_theory;Что произойдет на работающих ГПА, если количество пылеуловителей в работе меньше необходимого?;3;3;увеличится Р газа на входе нагнетателя;увеличится Т газа на входе нагнетателя;уменьшится Р газа на входе нагнетателя;;;;;;;
